source,days_in_pipeline,email_responses,meetings_held,deal_value,converted_label
organic,25,22,0,13694.07,1
referral,27,5,0,40657.94,0
event,1,5,0,20698.91,0
event,101,21,6,4555.87,1
organic,64,9,9,3520.48,1
cold_outreach,68,7,1,7595.56,0
event,92,24,7,3016.55,1
paid_ads,97,27,7,2063.48,1
referral,1,16,2,509.55,1
paid_ads,20,24,0,1081.34,0
referral,142,25,4,107047.54,1
referral,171,17,0,3451.45,1
event,150,24,1,96230.19,1
cold_outreach,163,0,4,13685.62,1
paid_ads,83,1,8,7595.53,0
organic,148,26,9,1151.95,1
event,158,4,6,8152.42,1
organic,160,21,2,94829.79,0
cold_outreach,27,12,3,61385.43,1
referral,27,23,6,11573.93,1
referral,73,19,1,1820.25,1
organic,91,2,5,2334.81,1
referral,172,10,7,2674.8,1
cold_outreach,57,21,8,42684.94,1
paid_ads,149,27,0,67591.44,1
organic,159,24,2,10453.17,0
referral,173,26,2,5464.32,1
organic,34,28,5,60677.22,1
paid_ads,44,26,1,2270.72,0
event,40,17,9,8667.8,1
event,132,10,9,14792.21,1
event,123,15,3,2639.54,1
organic,73,23,4,3545.06,1
paid_ads,16,12,4,3203.95,1
organic,94,24,0,51110.48,1
paid_ads,132,21,8,97604.36,1
paid_ads,85,6,7,9407.2,1
cold_outreach,48,27,3,5717.67,1
referral,107,25,5,3715.27,1
organic,119,17,3,8121.5,1
paid_ads,106,5,2,3962.82,0
paid_ads,157,6,3,7142.8,0
cold_outreach,57,25,1,13866.11,0
organic,110,0,8,4784.29,1
cold_outreach,154,14,6,6333.04,1
paid_ads,39,18,9,6367.16,1
cold_outreach,51,6,0,5362.4,0
event,9,25,6,4564.74,1
referral,68,15,5,21825.96,1
cold_outreach,8,1,6,810.82,1
organic,134,9,9,62728.04,1
event,16,11,3,9664.25,1
paid_ads,124,6,1,17908.36,0
cold_outreach,104,28,0,20797.77,1
cold_outreach,177,10,4,3227.69,0
cold_outreach,63,15,1,2468.42,0
referral,62,16,1,2117.62,1
cold_outreach,44,6,1,5877.06,0
paid_ads,97,17,2,20109.87,1
cold_outreach,40,10,1,3793.75,0
cold_outreach,21,0,4,17859.86,1
paid_ads,170,12,6,500.0,1
organic,122,17,2,4908.69,1
referral,22,3,1,36948.44,1
event,111,23,5,6488.18,1
paid_ads,55,19,0,2757.59,1
cold_outreach,33,9,7,3449.91,1
referral,85,17,3,500.0,1
cold_outreach,141,9,4,2174.72,0
paid_ads,1,19,2,32029.54,0
referral,64,4,2,3799.47,1
organic,165,18,1,4429.72,1
referral,71,1,5,500.0,1
paid_ads,18,0,1,972.54,0
referral,77,7,6,38065.51,1
referral,123,5,2,18078.57,1
referral,179,14,5,1500.16,1
referral,113,4,5,3569.77,1
cold_outreach,10,7,6,7801.54,1
paid_ads,145,2,7,1711.34,1
paid_ads,140,26,5,598.61,1
organic,117,22,8,6588.14,1
paid_ads,161,6,2,17058.28,1
event,138,3,7,17490.52,1
cold_outreach,42,25,3,25281.0,1
paid_ads,76,20,6,1075.32,1
referral,91,26,4,8736.57,1
referral,88,5,9,5715.94,1
organic,115,10,2,7234.48,0
organic,126,3,5,6152.93,1
cold_outreach,19,12,1,3433.78,0
event,102,4,6,500.0,1
event,7,0,0,36694.34,0
cold_outreach,92,15,4,12443.92,0
event,76,29,0,1176.65,1
paid_ads,37,19,3,14988.99,1
referral,178,22,4,4530.12,1
referral,47,24,3,4700.09,1
referral,11,29,3,2984.12,1
cold_outreach,65,3,1,16285.16,0
organic,136,7,7,2864.73,1
event,2,18,7,1947.14,1
cold_outreach,89,24,4,35286.94,1
referral,75,23,0,6421.8,1
cold_outreach,155,21,0,6689.32,0
organic,1,9,6,19934.42,1
paid_ads,4,10,9,3402.06,1
organic,102,2,8,4408.99,1
organic,33,9,4,12057.35,1
organic,127,4,4,1092.48,0
cold_outreach,50,28,1,10801.38,0
cold_outreach,101,2,0,3033.81,0
event,7,10,7,24639.7,1
event,125,26,4,16492.52,1
event,93,28,4,13889.84,1
event,1,11,3,1003.2,0
organic,48,13,3,7083.94,0
cold_outreach,11,15,9,1753.82,1
cold_outreach,9,24,8,7723.92,1
organic,126,23,6,500.0,1
organic,77,15,3,1093.26,0
event,144,11,7,38015.29,1
event,47,11,3,13092.16,0
referral,129,19,5,5115.55,1
organic,111,25,1,2486.51,1
referral,119,2,7,1979.24,1
organic,149,23,0,10511.26,1
cold_outreach,127,14,7,5183.72,1
referral,134,4,6,60514.68,0
organic,133,2,0,6372.88,1
event,81,10,5,8745.87,1
event,130,7,2,1332.68,0
event,151,3,4,5069.97,1
event,133,8,0,10199.45,0
organic,109,25,7,4990.94,1
cold_outreach,14,21,5,4309.96,1
cold_outreach,79,6,3,12394.18,1
cold_outreach,12,20,8,58062.21,1
referral,19,13,6,9783.57,1
referral,65,22,6,35862.31,1
event,84,7,1,18180.1,0
organic,95,1,5,33178.57,0
cold_outreach,162,9,7,3667.86,1
cold_outreach,137,29,9,6191.88,1
cold_outreach,76,16,6,6225.41,0
paid_ads,60,1,1,16484.25,1
cold_outreach,128,29,6,22700.37,1
event,50,24,0,9533.56,1
cold_outreach,159,16,3,25329.34,1
organic,140,22,9,3895.86,1
referral,123,5,8,25616.47,1
referral,45,17,9,30350.01,1
referral,112,27,3,19550.29,1
referral,147,13,6,9647.18,1
referral,13,1,7,20482.38,1
cold_outreach,32,22,2,2534.61,1
organic,93,21,9,10486.78,1
cold_outreach,65,22,9,11976.04,1
cold_outreach,128,19,1,1438.89,0
event,72,4,7,15017.32,1
organic,179,3,4,1598.04,1
referral,54,23,6,4645.74,1
event,65,25,5,8532.94,1
paid_ads,1,2,2,3133.93,1
paid_ads,45,17,0,9021.09,1
organic,43,15,5,8835.42,1
cold_outreach,137,10,8,2789.91,1
referral,61,19,8,16955.83,1
event,37,27,2,3000.69,1
referral,57,24,8,158635.86,1
organic,101,4,3,7028.14,1
paid_ads,141,13,5,1767.49,1
paid_ads,176,28,3,2253.76,0
paid_ads,9,7,5,36020.9,1
event,151,25,5,4760.48,1
referral,70,14,6,1376.24,1
referral,145,15,4,24583.4,0
cold_outreach,7,7,5,4720.9,0
organic,113,27,6,18947.84,1
event,167,15,4,27343.55,1
referral,8,17,5,11577.31,1
referral,142,13,0,182531.79,0
organic,21,2,8,860.78,1
referral,176,23,1,2798.01,1
paid_ads,134,9,8,5809.59,1
cold_outreach,163,7,7,153203.99,0
event,161,23,9,83901.87,1
cold_outreach,57,5,0,43273.6,0
referral,75,20,2,2886.04,0
event,124,14,0,3358.44,0
organic,32,23,4,2759.69,1
referral,55,1,9,2926.45,1
referral,18,23,7,56416.45,1
paid_ads,159,6,7,5902.33,1
referral,45,26,8,7009.72,1
event,74,10,0,22174.6,0
referral,81,0,7,932.08,1
referral,68,14,3,8677.07,1
cold_outreach,140,1,6,1947.04,1
paid_ads,164,8,7,5526.23,1
paid_ads,103,21,6,3780.66,1
event,150,16,4,3535.55,1
paid_ads,20,21,6,10864.51,1
organic,173,26,4,10802.98,0
cold_outreach,21,14,6,6088.96,1
cold_outreach,12,16,4,13119.96,1
referral,4,1,3,2619.66,0
event,44,8,2,19654.5,1
referral,150,21,3,6197.75,1
organic,54,1,7,4320.98,1
organic,142,10,8,2883.65,1
cold_outreach,76,4,1,5920.54,0
referral,19,25,1,92210.66,1
paid_ads,85,16,5,7462.85,1
cold_outreach,42,19,7,1830.37,1
event,53,20,1,26754.68,1
paid_ads,93,6,3,4387.4,0
event,142,1,0,11718.06,0
referral,106,11,0,3687.27,1
event,40,5,1,42830.48,0
referral,129,9,7,3759.39,1
organic,125,9,8,49872.02,1
cold_outreach,43,23,4,2071.36,1
cold_outreach,153,9,1,5537.08,0
event,151,4,9,50010.81,1
event,109,28,2,10083.21,1
organic,54,1,1,155267.66,1
cold_outreach,64,6,1,5710.82,0
cold_outreach,79,10,3,11318.07,1
cold_outreach,34,1,7,96441.71,0
organic,55,26,3,1132.18,1
organic,25,10,4,963.84,1
cold_outreach,28,23,3,2880.85,1
event,134,4,9,23327.41,1
organic,23,15,6,999.44,0
organic,84,3,6,17608.97,1
paid_ads,77,6,4,16070.15,1
referral,9,12,5,111157.93,1
event,149,25,8,31543.74,1
event,177,9,6,13007.29,1
paid_ads,115,22,8,47423.48,1
event,121,2,0,16326.99,0
referral,42,7,8,4455.56,1
event,152,18,9,1829.89,1
paid_ads,141,14,6,3865.42,1
paid_ads,79,15,9,7691.75,1
organic,127,20,5,10173.32,1
organic,172,2,2,504.84,0
organic,108,20,6,6091.02,1
paid_ads,36,25,6,8409.83,1
organic,60,22,1,16511.27,1
organic,34,8,2,67160.54,1
cold_outreach,60,10,2,10314.95,0
event,160,28,5,2483.86,1
organic,34,23,1,762.42,1
paid_ads,160,27,7,19793.61,1
event,52,27,1,2618.05,1
paid_ads,90,13,9,25006.42,1
organic,95,3,6,49843.64,1
organic,23,6,3,1088.66,0
event,33,8,3,16648.25,0
paid_ads,55,25,6,43495.34,1
organic,11,8,0,30477.72,1
event,135,10,7,530.97,1
event,98,25,5,2671.12,1
cold_outreach,152,4,2,1534.2,0
organic,155,19,8,16002.73,1
organic,63,16,6,13867.8,1
referral,147,29,1,500.0,1
organic,11,14,6,5480.32,1
paid_ads,77,15,4,22946.85,1
referral,120,25,7,9821.89,1
cold_outreach,84,29,4,9800.09,1
organic,133,21,9,5041.75,1
cold_outreach,154,20,9,2045.46,1
event,76,26,0,7925.39,1
organic,50,29,4,8670.84,1
cold_outreach,105,22,2,18030.7,1
paid_ads,156,8,4,20039.29,1
organic,177,19,1,9059.96,1
referral,146,7,5,33636.96,1
cold_outreach,44,15,1,4977.08,1
event,37,13,6,1239.88,1
referral,103,29,4,15065.61,1
organic,72,16,9,9549.97,1
referral,110,28,8,15459.99,1
event,166,24,6,1565.9,1
paid_ads,99,25,4,83119.53,1
paid_ads,64,5,7,20407.41,1
organic,156,23,6,5572.53,1
cold_outreach,79,7,1,2401.65,0
paid_ads,109,17,3,32869.47,1
paid_ads,25,14,9,1934.68,1
event,91,7,3,153242.1,1
paid_ads,77,29,0,3651.28,1
event,23,26,8,75860.91,1
paid_ads,38,17,9,6375.29,1
referral,126,0,6,63257.61,1
event,33,5,6,3117.14,1
cold_outreach,24,6,3,8303.96,1
cold_outreach,11,29,3,23067.37,1
referral,5,12,9,19162.3,1
cold_outreach,78,1,8,33893.9,1
paid_ads,88,17,4,4299.64,1
organic,112,28,3,9047.56,1
referral,103,16,1,41064.74,1
event,97,13,0,3239.48,0
paid_ads,179,5,4,17056.79,0
cold_outreach,45,26,5,6094.19,1
organic,128,3,6,10589.69,0
referral,15,28,8,9044.53,1
event,152,6,3,2908.03,0
paid_ads,65,4,1,5773.88,0
event,63,10,8,9783.1,1
event,25,0,7,7090.13,0
referral,92,0,5,62602.26,1
event,72,5,0,30119.93,0
cold_outreach,175,20,4,11813.22,1
organic,32,24,6,3004.63,0
organic,75,7,8,2776.01,1
organic,162,19,5,105446.01,1
cold_outreach,145,10,4,2180.15,0
organic,137,12,3,9395.79,1
referral,95,10,4,12954.95,1
paid_ads,157,26,0,5406.08,0
organic,41,15,1,2202.03,1
referral,145,15,7,2920.86,1
cold_outreach,104,25,3,3982.02,0
event,63,19,8,3221.68,1
paid_ads,40,4,3,45525.89,1
cold_outreach,94,5,9,8007.52,0
paid_ads,1,10,1,4101.3,1
paid_ads,128,2,1,9311.87,0
paid_ads,43,20,5,19309.31,1
event,70,14,8,5177.07,1
organic,35,1,1,26175.41,1
paid_ads,84,12,5,1552.33,1
organic,67,24,2,37149.1,1
event,34,27,7,8009.33,1
cold_outreach,160,28,5,7612.78,1
organic,136,27,6,3291.44,1
cold_outreach,70,18,2,1642.2,0
paid_ads,11,27,2,928.27,1
organic,152,28,6,3006.07,1
event,125,19,3,17395.65,1
referral,100,12,6,2322.36,1
organic,109,28,1,1082.49,1
cold_outreach,2,12,3,2485.47,1
referral,85,4,1,4913.38,0
cold_outreach,34,3,0,5171.14,0
organic,117,17,2,6852.98,1
event,167,1,4,31020.03,0
paid_ads,96,3,1,41110.99,1
paid_ads,109,7,0,109875.29,1
event,120,15,8,980.07,1
paid_ads,167,14,5,2663.38,1
organic,7,15,7,20091.07,1
paid_ads,56,15,7,4490.68,0
cold_outreach,49,29,1,24810.5,1
referral,129,6,6,10606.77,1
organic,81,14,8,63130.89,1
organic,139,18,4,31430.4,0
event,85,8,8,32187.12,1
organic,175,5,9,4743.67,1
paid_ads,138,1,5,7138.81,0
event,4,9,1,5448.91,1
referral,177,7,6,1144.06,0
referral,171,5,8,54901.72,0
cold_outreach,8,8,5,21354.2,1
cold_outreach,71,20,8,5174.33,1
organic,174,24,5,44177.47,1
paid_ads,151,15,4,3570.72,0
organic,84,1,9,742.8,1
referral,98,22,1,30018.85,1
referral,6,4,4,1537.44,0
event,102,1,1,6282.3,0
event,120,17,6,10593.12,1
cold_outreach,65,12,9,13374.5,1
cold_outreach,55,9,9,24414.23,1
organic,149,29,2,17242.06,1
organic,81,2,7,16561.9,1
cold_outreach,48,1,8,2898.71,1
paid_ads,68,17,8,11878.87,1
paid_ads,89,12,5,1144.57,1
cold_outreach,47,24,1,61745.66,0
referral,101,1,4,1308.54,1
cold_outreach,155,12,7,5164.83,1
cold_outreach,133,4,6,1458.94,1
referral,42,1,3,3136.25,0
cold_outreach,85,13,2,8245.78,0
organic,98,22,6,4074.95,1
referral,122,4,4,35865.11,1
cold_outreach,136,25,4,10883.15,1
event,87,15,9,4439.15,1
organic,57,14,0,6811.34,1
cold_outreach,119,27,2,39561.46,1
paid_ads,23,9,9,26410.9,1
cold_outreach,121,6,9,1843.83,1
cold_outreach,161,23,3,3344.77,1
organic,127,3,9,15021.33,1
cold_outreach,78,26,2,12827.88,1
referral,148,24,0,2068.34,1
organic,96,29,3,21458.25,1
paid_ads,97,13,5,2544.94,1
organic,153,18,0,44133.52,0
cold_outreach,35,26,1,16127.54,1
paid_ads,140,3,7,1860.31,1
paid_ads,122,9,6,4073.27,1
organic,95,14,6,3982.25,1
cold_outreach,14,18,9,9975.02,1
organic,138,20,2,6215.68,1
referral,40,27,8,1827.79,1
referral,161,14,3,1322.74,1
cold_outreach,142,5,9,16543.2,0
paid_ads,66,5,7,11755.87,1
event,78,24,2,9294.69,1
event,5,13,2,11521.28,0
cold_outreach,90,18,5,3624.26,1
organic,11,16,5,10292.7,1
cold_outreach,177,24,2,219708.56,1
referral,115,6,2,37307.04,1
event,43,5,8,5569.55,1
event,144,22,7,4103.59,1
organic,4,13,1,500.0,1
organic,99,24,7,32509.98,1
cold_outreach,20,3,1,22529.64,0
organic,10,8,4,3995.9,1
event,44,28,0,1259.89,1
paid_ads,53,25,6,1804.7,1
paid_ads,130,1,1,14439.42,0
event,160,24,2,7214.56,0
referral,139,1,1,19911.84,0
paid_ads,133,3,1,9066.81,0
event,102,26,0,28475.13,0
organic,67,3,5,13101.05,0
organic,46,9,8,23799.84,1
organic,170,4,3,535.61,1
referral,94,17,7,1628.4,1
organic,102,1,5,5045.96,1
organic,3,8,2,32972.84,1
event,82,9,0,93403.92,1
paid_ads,123,19,7,6545.24,1
referral,89,14,0,3659.0,0
paid_ads,110,5,4,638.13,0
event,145,13,0,24900.24,0
paid_ads,4,13,7,3962.98,1
paid_ads,162,10,9,379206.08,1
event,147,16,3,3098.81,1
organic,76,9,3,125098.62,1
paid_ads,137,10,5,21437.08,1
cold_outreach,12,23,5,2128.68,1
paid_ads,56,7,3,10957.58,1
event,20,9,3,22088.11,1
event,114,4,1,6046.12,0
referral,154,20,2,24085.79,1
event,108,21,5,23405.92,1
referral,128,20,7,17592.71,1
referral,26,5,7,7931.4,1
event,168,13,5,1759.14,1
organic,35,8,7,7333.29,1
referral,95,22,5,10187.17,1
cold_outreach,123,10,3,707.07,0
paid_ads,154,12,3,10097.12,1
event,168,13,5,7144.93,1
referral,108,22,3,1501.75,1
paid_ads,104,21,7,5255.82,1
organic,75,24,1,5402.41,1
referral,102,12,0,99620.46,0
organic,121,24,4,10787.61,0
cold_outreach,116,26,0,31159.01,1
referral,107,15,1,6952.39,0
cold_outreach,79,20,3,709.04,1
referral,36,27,0,19419.72,1
paid_ads,10,25,2,3443.89,1
event,76,8,5,5238.13,1
event,71,21,3,2061.39,1
organic,109,13,8,8907.05,1
cold_outreach,162,4,0,32361.73,0
event,126,11,7,27243.21,1
cold_outreach,145,29,5,63706.79,0
organic,104,28,6,76599.61,1
cold_outreach,167,23,6,567.0,1
cold_outreach,169,29,0,1716.93,0
cold_outreach,28,17,7,772.28,1
paid_ads,115,22,3,18425.84,1
paid_ads,91,4,6,3291.15,0
cold_outreach,174,8,2,4290.1,1
paid_ads,105,5,3,6114.53,0
cold_outreach,3,28,7,13324.26,1
cold_outreach,38,18,9,1175.07,1
referral,24,27,8,1577.31,1
cold_outreach,36,12,7,8116.75,1
cold_outreach,18,12,5,38498.31,1
paid_ads,140,20,5,7839.92,1
cold_outreach,89,17,9,2895.3,1
organic,121,11,2,500.0,0
referral,179,9,9,27958.55,1
cold_outreach,116,15,6,3112.83,1
event,86,2,6,1823.17,1
cold_outreach,48,5,5,871.38,1
cold_outreach,136,1,8,1247.84,1
referral,91,4,6,2322.55,1
cold_outreach,136,5,0,5940.19,0
referral,5,2,7,1683.51,1
organic,30,1,7,10315.68,1
referral,24,24,9,5881.8,1
cold_outreach,122,5,9,145595.86,1
event,93,16,9,883.79,1
paid_ads,57,2,0,9995.83,0
event,56,28,6,10159.93,1
cold_outreach,109,7,9,2122.34,1
paid_ads,173,22,9,9171.24,1
event,179,19,5,22036.88,1
paid_ads,85,23,9,9186.03,1
paid_ads,121,18,8,49011.08,1
cold_outreach,15,15,0,500.0,1
cold_outreach,170,23,8,2711.06,1
paid_ads,4,24,6,55136.81,1
paid_ads,62,11,5,26519.46,1
event,130,28,1,16361.16,1
organic,174,29,9,40262.67,1
organic,31,21,2,670.8,1
paid_ads,119,27,4,22794.94,1
organic,34,3,2,32327.75,0
referral,9,16,9,3441.59,1
paid_ads,76,19,4,247213.66,1
paid_ads,104,27,1,10459.37,1
referral,48,3,0,500.0,0
referral,175,24,9,13301.79,1
cold_outreach,111,2,2,3178.55,0
event,79,10,7,36845.69,1
cold_outreach,87,20,0,16520.0,1
paid_ads,84,8,8,3724.55,1
organic,20,25,6,57135.88,1
referral,109,27,2,27482.0,1
paid_ads,141,4,8,2761.98,1
referral,76,7,2,6649.8,0
cold_outreach,77,2,9,15866.92,1
referral,163,21,5,5046.54,0
event,110,26,4,5246.31,1
referral,54,18,0,8499.33,1
paid_ads,1,3,2,2027.3,1
cold_outreach,148,5,0,500.0,0
referral,113,1,8,11057.62,1
cold_outreach,113,14,1,610.59,0
paid_ads,51,21,1,2228.42,1
cold_outreach,34,4,1,809.93,0
paid_ads,89,25,9,950.53,1
event,136,7,9,14104.68,1
cold_outreach,54,15,7,6069.31,1
organic,95,20,0,5791.11,1
paid_ads,179,16,5,1464.59,1
event,40,14,9,3454.37,1
referral,42,10,0,13218.75,0
paid_ads,43,12,7,7572.56,1
cold_outreach,164,7,0,23611.2,0
referral,95,8,8,28413.5,1
paid_ads,165,22,5,5837.83,1
paid_ads,170,26,8,729.29,1
organic,76,25,4,3030.13,1
organic,10,9,7,7136.69,1
paid_ads,55,9,8,2952.97,1
organic,98,1,3,2056.97,1
event,69,8,6,8872.2,1
paid_ads,1,17,4,190878.82,1
cold_outreach,178,8,4,4295.64,1
referral,55,22,7,8073.58,1
referral,111,1,2,1471.96,0
paid_ads,170,12,1,40799.35,0
cold_outreach,98,8,4,25264.76,1
referral,125,14,8,23096.92,1
referral,7,0,1,47464.37,0
organic,125,12,3,4649.23,0
paid_ads,152,23,6,5469.03,1
cold_outreach,165,25,4,74820.12,1
paid_ads,16,7,6,18444.96,1
referral,41,12,5,500.0,1
referral,9,20,8,14636.41,1
referral,165,13,8,3803.94,1
referral,50,16,4,26046.1,1
referral,96,10,4,13775.51,1
event,86,25,2,843.28,1
referral,124,18,4,11492.84,1
referral,161,28,8,10655.34,1
cold_outreach,58,23,5,12997.36,1
event,142,11,6,17123.17,1
paid_ads,53,9,4,56656.15,1
cold_outreach,36,2,7,13877.94,1
organic,20,18,7,8347.92,1
paid_ads,67,22,5,36039.03,1
organic,101,10,9,149576.45,1
organic,140,0,8,26624.63,1
paid_ads,152,24,1,10594.26,0
referral,95,6,2,14218.36,0
organic,74,17,9,11303.38,1
organic,32,1,4,8300.52,1
cold_outreach,164,1,3,135228.62,0
paid_ads,71,26,7,3060.18,1
referral,137,20,6,36365.56,1
event,113,0,1,6880.08,0
referral,167,3,0,1182.58,1
event,175,14,8,6343.51,1
referral,127,20,7,3980.61,1
organic,119,12,3,17168.82,0
organic,25,26,8,9124.24,1
referral,3,19,1,2146.01,1
organic,98,18,8,54847.41,1
organic,127,8,0,33428.84,1
referral,134,20,6,63695.69,1
event,45,26,8,11026.47,1
referral,91,1,6,7735.28,0
referral,155,22,7,20224.07,1
event,18,26,3,3824.88,1
referral,69,12,2,9595.77,1
event,170,22,2,6448.6,1
cold_outreach,36,10,1,1212.76,0
event,57,5,2,9563.34,1
paid_ads,84,24,2,4567.6,1
paid_ads,124,9,7,5911.66,1
referral,46,22,2,13002.81,1
paid_ads,142,9,1,42374.12,0
cold_outreach,43,11,7,2688.12,1
event,66,20,5,5231.61,1
organic,103,10,2,2997.08,1
organic,3,24,7,2753.88,1
organic,138,1,2,3740.82,0
cold_outreach,120,0,7,6276.79,1
organic,150,2,0,17354.95,0
event,50,7,5,12290.47,1
referral,72,1,5,2051.01,0
referral,161,11,3,43582.39,1
event,12,0,6,27659.82,1
cold_outreach,88,22,3,2511.06,1
paid_ads,87,4,6,39788.94,1
event,81,29,2,12394.65,1
cold_outreach,78,25,5,6611.78,0
cold_outreach,134,20,7,12906.73,1
referral,36,23,9,7836.11,1
event,160,23,3,16458.58,1
cold_outreach,161,25,4,10337.26,1
event,33,16,4,5225.71,1
event,175,18,8,581.97,1
paid_ads,47,14,9,16080.09,1
referral,10,18,6,4985.3,1
event,72,11,8,22277.46,1
event,143,3,0,15156.39,0
organic,152,27,7,5156.62,1
cold_outreach,116,20,8,30634.58,1
cold_outreach,146,21,7,10575.49,1
cold_outreach,47,8,5,10023.98,1
event,158,23,8,6771.35,1
referral,114,15,6,72303.11,1
event,24,2,8,3205.92,1
cold_outreach,24,28,1,5326.89,1
organic,48,29,6,1622.08,1
paid_ads,13,26,4,20842.52,1
organic,51,14,8,3801.71,1
event,178,6,8,4398.21,0
cold_outreach,43,0,8,4138.06,1
event,114,22,2,8791.48,1
cold_outreach,175,26,4,1594.02,0
referral,46,3,0,500.0,0
paid_ads,125,20,9,14691.37,1
event,81,0,2,519.24,0
organic,52,23,6,24596.98,1
event,171,0,4,61456.57,1
paid_ads,118,29,9,6545.34,1
paid_ads,79,5,8,43885.57,1
cold_outreach,146,12,7,7851.55,1
organic,162,20,6,64796.93,1
organic,140,25,1,4477.93,1
organic,156,10,9,500.0,1
cold_outreach,58,29,0,7303.54,1
organic,62,0,4,74634.05,1
cold_outreach,42,14,3,16243.67,1
organic,125,29,3,4146.75,1
cold_outreach,144,8,9,12426.31,1
event,119,16,2,28637.21,0
paid_ads,108,13,5,7249.58,1
referral,139,11,2,246300.38,0
paid_ads,33,23,9,4135.47,1
cold_outreach,66,15,7,29829.82,1
cold_outreach,127,21,4,21818.61,0
cold_outreach,10,15,0,3262.42,0
paid_ads,164,29,1,4666.79,0
cold_outreach,31,14,2,30440.47,1
referral,141,23,4,9781.27,1
referral,111,18,8,12575.34,0
event,152,24,1,966.08,1
paid_ads,139,26,5,19011.48,1
event,93,6,3,11772.08,0
cold_outreach,136,9,0,7457.06,0
paid_ads,63,9,6,12953.99,1
paid_ads,105,14,7,4760.07,1
cold_outreach,164,14,9,3753.81,0
organic,16,0,5,5916.79,1
paid_ads,64,26,3,4431.69,1
cold_outreach,4,25,8,137955.77,1
organic,96,18,2,26514.1,0
organic,141,9,6,2300.75,0
organic,7,24,9,114368.94,1
paid_ads,99,8,0,4616.01,0
referral,75,9,9,8419.38,1
paid_ads,141,29,2,26020.56,1
organic,40,27,4,625.79,1
referral,30,17,2,5954.28,1
organic,17,5,1,3845.53,0
event,73,3,7,10578.77,0
paid_ads,88,28,4,13109.13,1
organic,165,7,5,7328.77,1
paid_ads,84,20,4,6899.87,0
event,31,10,7,32359.75,1
event,126,14,9,11991.24,1
event,12,29,5,8551.42,1
paid_ads,62,17,1,9820.54,0
referral,117,12,3,88137.7,0
referral,46,12,4,10142.36,1
referral,107,6,1,4151.47,0
event,82,16,2,677.43,1
organic,171,17,2,1256.24,1
event,52,2,9,4415.46,1
event,163,12,4,7038.22,1
event,113,19,8,3935.1,1
cold_outreach,135,1,5,12790.87,1
event,31,29,5,3869.73,1
organic,4,25,9,2468.0,1
event,131,19,6,17969.6,1
paid_ads,86,0,2,48060.35,1
event,56,15,2,1921.16,1
organic,161,26,6,11123.67,1
event,59,0,0,680.95,0
paid_ads,78,23,1,1191.66,0
organic,130,25,0,3769.15,1
paid_ads,173,2,7,35432.46,1
organic,161,6,4,2944.46,0
organic,117,21,0,2804.75,0
paid_ads,20,27,7,8492.29,1
event,20,23,6,8503.29,1
organic,125,15,7,2919.97,1
referral,92,18,1,107161.04,0
referral,24,15,8,5738.93,1
paid_ads,125,17,1,9392.44,1
organic,169,23,5,4806.32,1
cold_outreach,12,1,5,14356.57,0
paid_ads,148,6,2,40353.96,0
event,62,1,3,70457.35,0
referral,72,23,0,3008.07,1
paid_ads,129,21,4,33895.37,1
organic,45,1,6,16557.34,1
event,29,3,3,28764.51,0
event,173,7,5,7190.79,1
referral,63,7,9,6354.05,1
paid_ads,31,15,2,27348.83,1
event,124,14,2,28031.95,0
referral,39,10,1,62033.93,0
referral,139,4,5,10489.31,1
referral,13,19,2,7051.61,1
cold_outreach,93,23,8,500.0,1
referral,73,19,2,997.61,0
organic,172,24,6,4853.59,1
organic,94,27,1,1936.47,1
event,166,25,3,23350.41,1
event,45,19,1,1475.83,1
event,85,1,5,4223.01,1
referral,146,10,0,4444.25,0
paid_ads,29,12,0,38799.63,1
paid_ads,167,21,5,3674.93,1
paid_ads,139,25,5,14590.64,1
organic,122,19,3,10450.63,1
paid_ads,44,10,4,26219.93,1
organic,147,23,4,24471.87,1
referral,151,20,7,7758.37,1
referral,53,23,4,893.21,1
cold_outreach,106,17,8,5995.33,1
event,11,19,2,7895.57,0
cold_outreach,71,10,1,11752.39,0
paid_ads,27,11,4,3106.27,1
paid_ads,100,8,0,35709.48,0
paid_ads,99,7,6,8247.83,1
organic,96,19,3,2448.8,1
event,122,11,3,4466.25,1
event,166,4,5,99419.69,0
referral,36,1,0,19219.7,0
organic,39,25,3,31665.83,1
organic,39,13,9,2092.13,1
cold_outreach,167,17,6,3309.4,0
organic,17,27,5,3341.42,1
organic,6,3,5,10298.07,1
cold_outreach,29,28,4,6462.67,1
organic,138,21,9,4288.35,1
organic,104,19,9,5047.81,1
organic,165,12,4,2886.37,1
cold_outreach,37,21,9,6413.81,1
referral,71,6,0,34447.11,0
referral,100,9,3,1133.33,1
cold_outreach,14,28,3,12713.55,1
organic,165,8,6,48733.43,1
paid_ads,145,21,6,6385.96,1
paid_ads,26,27,4,4074.33,1
cold_outreach,151,17,2,26943.6,1
cold_outreach,81,8,5,2254.11,1
cold_outreach,61,25,2,7867.54,0
referral,170,24,4,2096.87,1
organic,93,16,3,712.56,0
paid_ads,41,3,8,6650.32,0
organic,145,13,7,1568.05,1
paid_ads,129,12,1,7981.07,1
cold_outreach,35,5,9,34528.44,1
event,122,12,6,90267.43,1
cold_outreach,113,4,3,9150.72,1
event,50,20,5,30484.71,1
paid_ads,78,12,1,13611.24,1
paid_ads,151,21,0,4924.37,0
referral,32,13,4,663.67,1
cold_outreach,130,21,7,67133.61,1
event,149,21,3,2071.79,0
referral,168,4,3,48903.4,0
organic,59,13,9,16282.56,1
organic,48,22,9,2278.3,1
cold_outreach,168,17,4,12156.24,1
cold_outreach,83,6,0,129674.71,0
organic,102,24,6,59655.9,1
organic,92,5,7,4160.84,1
cold_outreach,93,29,9,3211.28,1
referral,112,21,9,9230.52,1
paid_ads,76,9,6,6534.38,1
referral,71,5,1,38547.97,1
cold_outreach,72,27,2,21193.84,1
cold_outreach,118,15,7,897.92,1
organic,147,24,6,14709.93,1
organic,100,24,4,6420.05,1
paid_ads,122,2,4,8503.56,0
cold_outreach,74,20,7,11199.52,1
organic,139,10,4,38497.47,1
organic,71,27,1,28886.54,1
cold_outreach,76,6,9,3057.44,1
paid_ads,10,1,3,7508.6,1
organic,47,19,2,4522.96,1
cold_outreach,133,16,0,910.14,0
organic,16,16,4,7029.13,1
referral,41,7,9,89159.37,1
cold_outreach,140,14,1,875.1,0
referral,157,28,2,7853.54,1
organic,75,22,1,7532.79,1
event,73,29,0,11778.79,0
referral,92,9,6,2317.99,1
paid_ads,138,26,2,1270.74,1
event,85,11,7,1349.95,1
event,32,28,4,45716.47,1
event,78,25,6,2258.62,1
referral,46,4,0,4232.59,1
event,123,29,3,124994.17,1
organic,26,18,4,3119.62,1
referral,109,23,0,12646.29,0
organic,24,17,4,32304.29,1
paid_ads,174,6,4,30346.49,0
event,115,29,4,1435.04,1
cold_outreach,25,3,5,3205.56,1
event,172,24,7,12004.94,1
organic,103,6,7,99481.07,1
cold_outreach,109,23,0,3011.03,1
cold_outreach,12,12,6,4265.45,0
paid_ads,34,7,9,13980.89,1
organic,145,7,8,18134.21,1
organic,84,9,3,19620.5,1
event,111,27,7,2696.57,1
referral,177,23,8,4057.56,1
cold_outreach,77,20,3,10723.06,0
event,69,18,8,41814.76,1
paid_ads,144,12,6,5943.01,1
referral,12,27,7,7871.53,1
paid_ads,82,8,7,2135.15,1
referral,154,28,7,91326.37,1
organic,41,11,9,9902.49,1
event,55,10,8,32895.17,1
referral,85,14,4,8424.22,0
cold_outreach,14,22,5,9052.96,1
cold_outreach,13,21,6,1152.4,1
paid_ads,46,23,8,500.0,1
paid_ads,161,2,3,41252.9,0
organic,40,4,3,8968.52,0
paid_ads,131,25,7,10597.32,1
cold_outreach,77,29,9,1597.56,1
organic,137,3,9,2504.93,1
referral,60,27,1,32240.95,1
cold_outreach,157,7,9,77822.58,1
event,67,29,7,3613.18,1
referral,142,29,1,19398.06,1
event,149,19,0,10373.74,1
organic,78,5,2,6927.9,0
paid_ads,120,23,9,89998.36,1
event,22,3,7,4495.53,0
paid_ads,89,10,5,40657.01,1
paid_ads,67,19,6,13304.4,1
organic,171,2,4,7927.11,0
paid_ads,168,11,9,48224.49,0
paid_ads,141,23,1,11815.59,0
event,170,2,3,7148.4,0
referral,175,11,2,48692.23,1
referral,138,0,8,41111.41,0
cold_outreach,107,19,5,38659.67,1
event,37,2,6,500.0,1
referral,146,8,9,14360.4,1
cold_outreach,35,15,1,10675.99,0
event,34,6,9,7744.03,1
cold_outreach,158,6,1,17902.82,0
paid_ads,21,25,7,11369.89,1
referral,26,23,7,19558.19,1
referral,92,2,8,5719.57,1
organic,105,25,1,56819.5,1
organic,9,14,9,22306.37,1
paid_ads,68,4,7,16404.07,1
organic,41,27,1,15395.29,1
organic,55,10,5,36478.04,1
cold_outreach,33,9,8,30582.83,1
organic,122,4,4,6998.12,1
organic,85,26,3,29360.44,1
paid_ads,172,8,2,10160.55,0
event,2,17,5,97929.67,1
cold_outreach,140,7,9,33760.48,1
organic,163,26,6,3592.87,1
organic,88,23,7,167698.65,1
cold_outreach,126,15,7,527.08,1
cold_outreach,79,10,7,18556.24,0
referral,107,19,4,3277.64,1
event,163,14,7,93604.56,1
event,95,28,3,11255.9,1
cold_outreach,104,20,5,2887.27,1
cold_outreach,177,0,3,5730.49,0
cold_outreach,89,24,9,3203.15,1
organic,32,5,7,5445.2,1
cold_outreach,123,9,5,5285.69,0
event,125,13,4,3051.83,1
referral,43,6,5,11511.28,1
organic,131,28,7,13475.0,1
referral,12,29,2,2218.98,1
referral,58,4,8,938.47,1
event,154,9,2,12139.79,1
paid_ads,111,11,1,16179.44,0
cold_outreach,109,20,7,20937.18,1
event,112,17,7,16589.52,1
cold_outreach,30,20,3,62600.7,1
cold_outreach,173,0,6,29619.5,1
event,54,15,7,264019.08,1
cold_outreach,141,6,7,456270.61,1
referral,178,6,9,824.24,1
cold_outreach,44,23,8,500.0,1
referral,114,4,4,8025.6,0
referral,8,0,2,15607.43,0
cold_outreach,114,14,0,7341.87,0
referral,79,22,5,20224.59,1
organic,13,15,6,5702.64,1
event,121,4,6,3287.44,1
paid_ads,174,23,0,4000.77,0
cold_outreach,15,11,7,6246.53,1
event,160,21,7,24259.56,1
cold_outreach,151,6,7,4303.73,0
cold_outreach,99,27,5,5565.49,1
cold_outreach,162,8,0,17005.33,0
referral,56,29,4,6257.68,1
event,129,11,6,34603.97,1
cold_outreach,125,21,5,2451.96,1
organic,104,15,5,1849.6,1
organic,150,2,5,12040.34,1
event,157,2,5,13705.81,1
event,141,12,3,2632.14,0
event,106,5,6,46475.2,1
organic,175,18,2,98954.74,0
event,100,4,4,3582.4,0
event,114,17,4,56021.5,1
cold_outreach,34,6,7,500.0,1
paid_ads,58,5,8,32825.01,1
paid_ads,162,11,6,2656.88,1
paid_ads,90,17,1,28822.01,1
organic,92,11,6,2322.36,1
paid_ads,147,10,3,7412.82,1
referral,59,10,0,2826.66,0
referral,48,10,1,6136.16,1
organic,2,12,9,87456.89,1
paid_ads,42,25,4,7042.23,1
organic,92,17,2,125918.75,1
event,130,12,1,4907.13,0
event,59,22,6,56347.55,1
event,80,15,7,979.07,1
referral,40,28,3,5583.32,1
organic,147,16,1,4036.19,0
paid_ads,94,6,3,59815.33,1
cold_outreach,26,16,6,10309.52,1
organic,110,23,1,536.73,1
event,61,6,2,1475.62,1
paid_ads,155,6,0,2172.29,0
event,48,17,4,27289.72,1
organic,155,26,1,23075.11,0
paid_ads,125,10,1,5483.4,0
paid_ads,25,15,1,3971.65,0
organic,136,19,7,20564.15,1
cold_outreach,129,19,4,1866.13,1
event,82,4,9,14690.7,1
paid_ads,29,11,3,13151.27,1
referral,86,29,2,5670.51,1
cold_outreach,109,26,2,13588.53,1
referral,24,23,9,9253.18,1
referral,62,0,5,15469.81,1
cold_outreach,126,12,3,1430.34,1
paid_ads,99,1,6,18013.06,0
referral,178,9,5,30778.81,1
paid_ads,39,25,1,12298.55,1
event,140,11,7,17704.61,1
paid_ads,77,5,1,7024.12,1
organic,40,21,1,25815.55,1
event,171,22,7,8820.39,1
cold_outreach,112,19,4,1821.97,1
referral,96,24,2,23535.87,1
event,53,21,0,968.37,1
event,158,19,5,11703.15,1
event,6,26,6,4917.28,1
referral,21,9,2,4525.29,1
event,33,13,4,10133.33,1
event,117,16,3,3222.54,1
event,19,20,8,15770.05,1
paid_ads,143,14,7,8724.02,1
referral,36,13,2,3631.92,1
referral,122,4,5,46149.13,0
event,143,19,9,10574.68,1
paid_ads,158,3,3,18398.81,1
event,53,14,1,51101.31,0
paid_ads,14,12,2,50022.7,1
paid_ads,136,23,6,17218.18,0
organic,81,14,9,5467.32,1
paid_ads,170,0,3,1263.18,0
paid_ads,34,15,0,10600.94,1
organic,103,6,1,33622.8,0
organic,22,11,4,12843.71,1
paid_ads,87,8,0,500.0,0
referral,1,4,0,25111.49,1
cold_outreach,135,28,6,27199.36,1
paid_ads,109,7,8,5477.54,1
paid_ads,18,15,2,29286.16,0
organic,90,24,5,18331.11,1
paid_ads,77,10,5,3323.72,1
paid_ads,121,28,6,42306.31,1
paid_ads,90,12,9,1559.75,1
referral,83,28,8,7521.96,1
organic,149,13,3,6607.08,1
event,93,0,9,2770.91,1
event,146,26,0,12027.27,1
event,159,25,9,44510.46,1
referral,152,28,1,41030.23,1
cold_outreach,172,3,1,20759.59,0
organic,125,25,1,893.64,1
event,101,10,1,1426.9,0
organic,95,25,4,10056.96,1
paid_ads,37,28,6,7750.36,1
event,149,5,7,4240.75,0
cold_outreach,125,11,0,96463.52,0
event,157,8,2,9298.59,0
paid_ads,126,9,1,16401.64,0
organic,87,17,1,29268.35,1
organic,53,12,7,8703.2,1
organic,177,19,6,235244.53,1
organic,132,20,2,2386.34,1
paid_ads,157,6,3,3685.3,0
organic,105,1,9,2378.74,1
organic,92,22,5,61787.46,1
paid_ads,7,5,2,22987.63,0
cold_outreach,13,5,9,3994.22,1
cold_outreach,127,18,1,2635.85,0
organic,41,7,2,49038.34,1
event,15,5,6,12967.4,1
paid_ads,139,9,5,50693.01,1
referral,112,15,0,7493.61,0
referral,20,25,8,15756.31,1
event,90,29,2,11971.64,1
paid_ads,85,21,6,3599.88,1
referral,1,26,3,6718.45,1
paid_ads,109,15,7,1737.85,1
organic,72,12,8,15403.33,1
organic,158,24,7,21799.09,1
referral,21,9,9,29354.75,1
referral,152,24,5,19273.92,1
referral,2,29,0,6859.07,1
organic,137,11,5,60934.93,1
cold_outreach,141,19,4,25848.32,1
organic,73,23,7,49271.95,1
referral,51,23,2,53459.13,1
event,26,6,6,6882.38,1
organic,61,28,4,13416.54,1
referral,120,15,6,22179.74,1
paid_ads,130,1,4,1819.13,1
referral,33,3,3,1872.32,1
referral,2,21,2,1496.52,1
organic,101,12,8,7040.75,1
paid_ads,104,3,0,5253.7,0
cold_outreach,176,15,2,1253.42,0
paid_ads,137,17,4,9839.55,1
event,99,2,1,7155.92,1
cold_outreach,106,10,9,37681.04,1
cold_outreach,116,13,3,110954.2,1
paid_ads,81,23,2,14667.44,1
cold_outreach,122,19,2,3276.01,0
paid_ads,35,2,1,18783.64,0
event,149,18,6,8201.68,1
paid_ads,155,27,4,5930.34,1
paid_ads,78,1,2,2643.66,0
organic,82,29,8,4431.59,1
event,90,2,6,6430.91,0
paid_ads,147,18,4,23047.79,1
cold_outreach,32,10,5,15745.87,1
cold_outreach,62,21,6,86963.95,1
organic,111,25,1,19470.18,1
cold_outreach,125,25,8,14066.95,1
paid_ads,53,26,2,5441.99,0
referral,21,24,0,2103.37,0
referral,91,9,5,3862.76,1
cold_outreach,115,13,8,3262.37,1
organic,138,21,7,500.0,1
cold_outreach,1,5,3,2183.71,0
event,4,17,3,65047.48,1
organic,70,15,5,13084.46,1
organic,101,29,2,4966.74,0
organic,1,1,8,13602.7,1
cold_outreach,32,2,2,639.43,0
event,75,0,2,11692.78,0
event,51,16,0,42648.18,1
organic,128,16,6,6922.62,1
paid_ads,7,17,0,809.5,1
organic,160,7,8,4730.93,1
referral,31,9,9,42746.41,1
referral,79,12,1,11341.44,0
cold_outreach,177,1,0,1282.03,0
event,119,22,9,175943.45,1
event,179,1,1,1587.71,0
organic,4,20,4,5908.8,1
referral,129,13,8,2103.58,1
referral,14,29,1,2107.37,1
referral,110,20,6,4501.67,1
referral,59,14,3,18527.2,1
cold_outreach,140,21,4,43377.27,1
cold_outreach,23,3,9,4904.86,1
event,161,5,6,2179.42,1
cold_outreach,87,14,3,15096.69,0
referral,93,25,9,15683.31,1
organic,103,24,5,11075.48,1
referral,7,11,0,11596.54,0
cold_outreach,56,8,3,6999.99,0
event,127,28,2,9205.87,0
referral,172,16,6,6398.72,1
organic,177,3,8,32575.54,1
organic,96,6,0,146825.1,0
organic,47,25,7,10234.8,1
cold_outreach,86,26,9,8034.15,1
paid_ads,83,27,9,11300.7,1
cold_outreach,72,0,6,3445.08,1
organic,65,24,3,21905.04,0
paid_ads,156,3,1,14379.08,1
organic,70,24,9,4690.94,1
referral,6,26,4,26178.32,1
cold_outreach,130,10,3,8305.61,0
referral,120,5,7,2296.01,1
cold_outreach,68,21,7,12798.53,1
referral,113,2,8,11026.87,1
paid_ads,169,17,8,28241.38,1
paid_ads,166,9,8,23885.12,1
referral,142,12,1,7030.45,0
organic,105,24,1,4386.5,1
paid_ads,5,29,2,8121.47,1
event,92,12,6,12994.76,1
cold_outreach,147,8,5,15197.42,0
cold_outreach,152,25,8,11990.09,1
event,139,12,8,7201.25,1
organic,177,5,8,29609.84,0
cold_outreach,93,27,0,3372.49,1
referral,20,29,6,203459.96,1
cold_outreach,89,8,8,21850.77,0
event,58,4,9,1871.08,1
event,150,4,3,10309.26,1
paid_ads,140,17,7,22125.56,1
event,77,9,4,5145.2,0
cold_outreach,70,18,1,1160.16,1
organic,29,22,3,2099.0,1
referral,8,0,2,16394.82,1
event,57,25,9,827.99,1
event,44,0,1,1231.33,0
event,48,3,1,16283.13,1
referral,179,21,5,6067.4,0
referral,122,18,5,3279.63,1
event,99,29,5,4259.25,1
organic,33,17,1,1197.44,0
event,151,12,4,15211.23,0
cold_outreach,116,20,9,2839.81,1
cold_outreach,93,22,0,4038.07,1
paid_ads,84,20,7,12718.6,1
event,99,11,1,5804.47,0
cold_outreach,151,28,2,3242.02,1
organic,129,9,8,610.17,1
paid_ads,87,10,2,13064.5,1
event,120,8,5,8979.42,1
organic,167,8,3,4135.64,0
cold_outreach,59,6,6,2103.55,1
referral,162,17,4,8238.65,1
paid_ads,109,21,4,15132.7,1
event,34,12,8,9201.18,1
paid_ads,174,27,5,68151.28,1
organic,123,14,5,20256.01,1
organic,70,14,8,7048.23,1
cold_outreach,39,2,4,21157.77,0
event,164,27,8,8632.25,1
referral,148,4,7,8593.41,1
event,8,4,8,43707.41,1
paid_ads,114,28,4,2521.29,1
organic,21,15,5,8352.39,1
paid_ads,53,2,1,38048.73,0
event,102,13,1,12108.8,1
referral,45,17,1,5015.21,1
event,92,0,6,881.82,1
cold_outreach,77,22,3,500.0,1
referral,105,20,2,120455.49,1
cold_outreach,144,0,6,12101.27,0
paid_ads,28,18,3,3792.21,1
organic,143,6,1,12762.85,0
event,40,22,5,2363.79,1
referral,6,11,5,5268.17,1
paid_ads,80,6,1,2384.58,1
cold_outreach,55,15,2,1290.45,1
organic,34,13,2,525.06,0
cold_outreach,76,10,6,1015.41,1
referral,156,26,2,30566.93,0
paid_ads,105,19,0,2246.33,1
paid_ads,131,14,2,16242.06,0
cold_outreach,27,6,4,28103.28,1
organic,14,17,7,8279.63,1
organic,61,0,0,5496.48,0
paid_ads,139,26,8,9632.81,1
organic,159,0,3,4714.48,0
referral,19,20,3,38757.6,1
cold_outreach,86,10,0,92919.99,0
event,71,21,2,53356.73,1
cold_outreach,134,10,4,500.0,0
referral,37,0,6,4591.06,1
event,87,28,7,8147.01,1
paid_ads,153,22,5,14793.98,1
organic,84,1,1,857.9,0
cold_outreach,140,0,3,840.1,0
paid_ads,112,15,7,44303.84,1
referral,107,28,6,3917.25,1
cold_outreach,47,17,5,1171.89,0
cold_outreach,178,0,5,1929.98,1
referral,45,20,5,13461.88,1
organic,167,12,9,2781.34,1
paid_ads,178,19,5,11093.49,1
organic,92,10,5,2270.27,0
cold_outreach,156,0,3,839.28,0
paid_ads,129,0,4,51621.54,1
referral,133,18,7,13597.58,1
paid_ads,13,19,8,5250.74,1
referral,25,9,7,4114.32,1
referral,13,2,6,54413.66,1
referral,6,23,7,17483.08,1
cold_outreach,150,4,0,35984.98,0
event,32,5,2,3794.09,1
cold_outreach,2,13,2,8654.78,1
referral,168,21,6,13668.63,1
event,50,29,7,3963.61,1
organic,147,18,1,7156.73,0
referral,172,28,1,3794.49,0
organic,94,19,4,13612.95,1
event,166,25,9,1454.17,1
organic,174,5,0,17044.13,0
paid_ads,26,1,8,12135.95,1
organic,27,20,1,6221.08,1
referral,67,29,2,14535.84,1
cold_outreach,101,22,6,5042.1,1
event,141,10,7,3390.83,1
organic,33,14,8,16429.67,1
organic,35,3,0,17380.74,0
referral,55,10,0,4190.39,0
event,49,20,4,3748.2,1
organic,169,4,5,6387.73,0
organic,71,14,2,3953.64,0
paid_ads,156,8,6,58844.57,1
referral,11,14,2,12227.2,0
organic,19,22,9,8258.35,1
paid_ads,144,26,1,2410.18,1
cold_outreach,45,12,6,21177.32,1
organic,15,24,5,3658.88,1
cold_outreach,107,21,1,3468.33,1
organic,27,27,6,22123.58,1
cold_outreach,11,22,1,13406.83,0
referral,73,16,5,500.0,1
referral,99,20,6,6600.48,1
organic,95,9,0,9539.3,1
event,105,20,2,5210.99,1
paid_ads,5,21,2,9981.34,0
cold_outreach,53,18,9,770.78,1
referral,62,3,2,500.0,0
organic,53,15,9,2279.91,1
organic,101,21,5,11695.05,1
paid_ads,42,5,9,500.0,1
referral,114,23,8,2706.44,1
cold_outreach,168,25,2,665.41,1
cold_outreach,119,16,5,5911.11,1
referral,70,28,7,103287.23,1
paid_ads,78,25,0,6109.93,1
referral,105,13,6,7046.22,1
cold_outreach,130,26,4,24124.91,1
cold_outreach,54,27,0,8330.66,1
cold_outreach,7,3,8,6127.31,1
organic,126,29,2,27028.3,1
referral,119,0,8,14964.76,1
event,19,14,2,11792.43,1
referral,113,28,5,6765.46,1
organic,13,21,3,5167.35,1
organic,116,8,8,26697.42,1
organic,134,19,9,5232.26,1
cold_outreach,3,6,7,40160.08,1
organic,131,7,8,2077.06,1
paid_ads,22,27,7,52256.48,0
referral,48,1,2,14967.73,1
organic,127,28,9,2300.55,1
event,64,13,5,15704.02,1
cold_outreach,175,1,3,3479.37,1
event,172,23,1,8462.98,1
event,177,1,7,4304.36,1
event,19,9,2,6817.27,1
cold_outreach,32,7,6,27552.82,1
paid_ads,33,23,0,15899.85,1
cold_outreach,105,11,6,1876.24,1
paid_ads,77,19,6,2021.26,1
organic,134,2,5,11521.94,1
referral,51,20,6,12659.25,1
paid_ads,36,21,9,3371.87,1
organic,117,8,8,64132.73,1
event,111,26,4,23331.12,1
event,124,14,8,3593.03,1
paid_ads,56,20,9,3168.67,1
paid_ads,95,5,1,6026.02,1
event,167,27,3,5263.7,1
paid_ads,110,7,7,41481.58,1
cold_outreach,167,18,5,29140.37,1
paid_ads,78,2,1,8481.06,0
referral,9,1,4,19560.69,1
cold_outreach,137,3,3,23620.44,0
organic,83,28,7,8740.64,1
referral,8,6,5,13676.09,1
cold_outreach,25,26,1,17543.59,1
cold_outreach,57,17,0,15273.7,1
event,35,2,2,2944.09,0
cold_outreach,123,13,1,3357.59,0
organic,110,14,8,5568.2,1
event,60,8,2,3233.55,1
paid_ads,16,18,6,1193.89,1
organic,15,25,1,19511.08,1
paid_ads,170,26,4,12712.37,1
organic,62,15,9,1420.58,1
paid_ads,20,26,6,5924.24,1
paid_ads,128,27,2,6376.84,1
organic,156,2,7,10265.33,1
event,22,19,5,1985.25,1
paid_ads,170,23,2,1393.83,1
event,130,0,9,15924.94,1
paid_ads,46,18,9,1103.07,1
paid_ads,139,27,5,5988.15,1
event,76,8,0,5303.38,0
referral,114,25,4,6903.13,1
event,23,28,5,11254.61,1
organic,44,19,9,64740.47,1
event,139,18,7,1012.99,1
cold_outreach,145,16,2,25325.22,0
paid_ads,2,12,5,500.0,1
referral,39,13,1,49603.89,0
paid_ads,109,15,4,569.22,0
paid_ads,163,14,5,192396.39,1
event,121,24,5,4881.96,0
event,127,23,4,43368.9,1
paid_ads,70,10,4,33170.06,1
referral,10,15,7,4594.27,1
referral,138,6,5,5076.24,1
referral,144,5,0,2729.01,0
organic,80,11,7,22552.05,1
organic,91,1,6,4672.7,1
cold_outreach,43,25,6,2794.26,1
referral,82,3,7,16292.48,1
paid_ads,44,9,1,2524.18,1
cold_outreach,76,7,9,5283.39,1
cold_outreach,24,6,9,9313.66,1
referral,109,11,1,3515.16,0
cold_outreach,45,21,2,4276.91,1
organic,130,26,2,59604.01,0
paid_ads,93,5,9,6213.59,1
organic,161,7,9,5077.05,1
paid_ads,40,14,2,6453.24,1
organic,49,9,6,14629.44,1
event,44,23,2,2113.24,1
cold_outreach,113,6,0,14120.46,0
referral,20,12,2,11300.09,1
cold_outreach,123,16,0,792.15,0
referral,147,11,8,83494.19,1
paid_ads,121,18,7,54125.33,1
organic,25,23,1,2861.98,1
paid_ads,89,15,5,1883.42,1
organic,96,13,2,10899.44,0
organic,70,28,5,1269.5,1
paid_ads,84,29,8,47742.05,1
paid_ads,137,29,8,4407.27,1
referral,150,0,8,66725.94,1
organic,54,25,2,2774.64,1
paid_ads,60,26,1,7003.3,1
event,38,24,1,42082.04,0
cold_outreach,72,22,1,5322.98,1
organic,98,10,6,11541.67,1
event,128,21,6,33538.74,1
paid_ads,48,17,8,3932.92,1
paid_ads,39,24,0,1571.43,1
organic,6,10,2,1216.43,0
referral,17,22,7,17300.01,1
cold_outreach,10,23,6,13432.22,1
referral,38,25,4,32214.18,1
organic,125,5,1,5674.52,0
organic,139,25,4,1261.48,1
event,175,6,1,500.0,1
event,98,28,5,337172.95,1
organic,82,1,9,16074.67,1
event,161,6,1,9680.12,1
event,27,18,1,11640.34,1
referral,113,16,7,1260.49,1
cold_outreach,147,20,0,2883.23,0
referral,90,12,9,78145.61,1
referral,47,0,7,19069.61,1
cold_outreach,112,18,4,3002.87,0
referral,179,15,3,1644.42,1
referral,43,15,3,4144.75,1
referral,101,11,3,5377.29,1
organic,10,26,8,116295.52,1
event,42,23,7,6343.92,1
cold_outreach,138,5,2,1726.04,0
event,89,1,1,7508.69,0
paid_ads,36,5,5,11425.92,1
organic,61,1,6,1533.47,1
referral,22,21,7,13668.04,1
referral,140,18,3,39010.68,1
event,169,13,4,9703.8,1
referral,19,17,1,2875.02,0
cold_outreach,43,24,4,4074.36,1
organic,154,24,6,937.78,1
event,158,13,3,6809.09,1
cold_outreach,138,17,3,12137.0,1
paid_ads,128,17,4,2525.96,1
referral,155,28,8,100872.26,1
referral,67,22,6,22696.44,1
referral,161,9,9,787.91,1
paid_ads,159,26,0,809.21,1
event,42,11,8,2254.69,1
referral,14,22,0,62638.85,1
cold_outreach,94,29,3,25801.77,1
paid_ads,136,24,4,66891.41,1
cold_outreach,153,3,2,8211.35,0
cold_outreach,26,6,9,6171.29,1
organic,68,23,8,1600.77,1
organic,138,3,5,12766.62,0
event,11,0,4,6279.1,1
organic,130,7,7,5972.53,1
paid_ads,53,14,7,66400.91,1
cold_outreach,5,3,4,6875.71,0
paid_ads,44,4,8,45719.3,1
organic,133,10,1,1028.14,1
organic,156,17,2,266877.73,0
cold_outreach,15,16,0,4987.79,0
event,84,23,1,20319.56,0
referral,37,29,1,24988.09,1
paid_ads,123,0,6,4244.74,1
event,140,20,8,23499.61,1
event,173,4,5,25142.23,1
paid_ads,64,10,4,3206.43,1
cold_outreach,54,10,2,3256.18,0
event,56,21,1,8594.68,1
cold_outreach,137,7,5,6973.4,1
paid_ads,80,26,1,49566.43,0
cold_outreach,5,11,7,20200.62,1
referral,170,24,4,7394.19,1
event,19,28,3,17816.88,1
organic,167,15,0,566.43,0
referral,29,3,2,3641.3,1
referral,97,21,0,11780.1,1
referral,56,12,7,34543.52,1
paid_ads,123,10,4,10505.98,0
cold_outreach,73,13,7,53944.48,0
event,66,8,5,25042.3,1
paid_ads,86,8,9,4294.85,1
cold_outreach,174,29,7,6754.47,1
paid_ads,44,8,1,13779.65,1
organic,40,13,1,4522.29,1
cold_outreach,12,21,8,59318.54,1
organic,133,6,2,1917.27,0
paid_ads,122,18,7,12221.33,1
event,109,26,6,21080.02,1
cold_outreach,5,24,7,5391.18,1
paid_ads,142,0,2,4022.11,0
referral,145,12,3,7340.0,1
event,170,0,5,23285.78,1
event,167,18,0,4231.02,1
referral,48,9,3,2019.09,0
organic,128,26,5,36161.86,1
paid_ads,73,5,2,13617.15,0
cold_outreach,107,25,2,30037.88,1
event,60,10,9,21744.83,1
event,118,27,2,137841.0,1
referral,171,5,9,34525.85,1
referral,117,8,9,3161.17,1
event,165,10,6,14933.29,1
referral,167,29,1,3925.56,1
paid_ads,22,22,2,4490.13,1
referral,173,24,9,1291.75,1
referral,147,16,0,5586.19,1
paid_ads,77,23,5,16457.63,1
referral,108,18,5,7436.62,1
paid_ads,111,20,8,1940.73,1
referral,141,25,8,1118.87,1
organic,144,29,2,126171.8,1
cold_outreach,19,17,5,12366.04,1
event,1,13,6,2775.84,1
paid_ads,45,19,9,14769.48,1
referral,95,22,5,139517.02,0
cold_outreach,153,29,1,18153.18,0
paid_ads,117,20,9,500.0,1
paid_ads,25,28,5,254735.03,1
paid_ads,129,21,1,732.15,1
cold_outreach,84,28,1,6199.26,0
organic,67,22,2,1856.73,1
organic,139,26,7,3096.41,0
organic,53,5,9,11727.98,1
organic,111,29,4,548.76,1
event,33,10,0,7206.08,0
cold_outreach,69,23,8,36009.75,1
cold_outreach,100,11,6,2707.52,1
cold_outreach,112,13,5,1329.59,1
organic,165,22,0,6760.85,1
referral,52,16,9,5219.5,1
cold_outreach,161,21,0,3737.62,0
paid_ads,147,2,6,1728.74,1
paid_ads,65,25,5,15913.77,1
cold_outreach,26,12,5,17568.14,1
organic,47,23,5,2027.7,1
cold_outreach,118,8,3,2427.39,0
cold_outreach,142,17,5,9676.35,1
paid_ads,110,17,3,2311.23,1
paid_ads,130,4,4,10221.62,0
organic,19,14,6,54636.67,1
referral,91,19,7,7496.79,1
referral,157,25,1,1672.87,0
event,70,26,9,13490.41,1
organic,161,11,0,6432.05,1
referral,23,19,2,6666.14,1
organic,176,5,3,15031.75,0
referral,141,26,3,19897.49,1
organic,113,26,3,8485.83,1
referral,111,29,3,7488.44,1
cold_outreach,168,14,4,118492.38,1
cold_outreach,68,10,7,38588.91,1
referral,30,22,8,23947.28,1
cold_outreach,165,21,3,9610.08,1
cold_outreach,19,6,2,2191.92,0
event,119,16,6,35087.57,1
event,48,19,0,9774.99,1
referral,167,13,4,3826.4,0
paid_ads,175,11,2,5907.14,0
cold_outreach,85,7,6,2307.6,0
referral,96,12,0,32033.19,0
paid_ads,82,7,8,19691.62,1
paid_ads,77,9,2,10261.17,0
referral,168,5,5,7664.69,1
organic,52,11,5,3344.69,1
organic,172,18,4,508.22,1
cold_outreach,117,11,4,1291.03,1
event,172,4,2,3085.78,0
cold_outreach,110,24,7,2538.03,1
referral,147,12,5,11803.71,1
organic,88,17,2,23270.5,1
cold_outreach,83,15,2,6857.03,1
organic,47,15,4,50594.19,1
paid_ads,38,13,8,2928.46,1
event,7,22,9,6794.04,1
organic,69,25,3,7583.4,1
paid_ads,177,27,3,33518.15,1
event,168,13,1,9298.92,1
referral,124,10,5,9639.65,1
event,66,2,2,942.66,0
event,94,13,8,2515.23,1
paid_ads,136,29,5,33682.64,1
referral,1,7,2,545.69,1
cold_outreach,166,25,9,46438.79,1
cold_outreach,156,22,8,15515.02,1
paid_ads,174,19,3,3066.29,1
organic,17,16,1,2747.2,0
cold_outreach,170,22,2,95295.88,0
referral,110,2,3,50758.15,1
organic,100,3,4,6937.71,0
organic,33,5,8,9652.47,1
paid_ads,89,22,9,3498.06,1
organic,66,12,7,9654.88,1
referral,177,6,8,3374.24,1
referral,61,1,1,7316.55,0
paid_ads,40,14,1,85257.23,1
cold_outreach,170,11,9,7155.97,1
paid_ads,34,5,6,2074.7,1
paid_ads,162,0,2,1371.58,1
organic,173,22,7,9559.14,1
organic,56,23,1,3013.44,1
event,124,7,7,11165.5,1
cold_outreach,143,14,8,986.98,1
organic,96,7,4,19877.13,1
paid_ads,125,12,6,2042.21,1
organic,24,3,7,8605.75,1
organic,93,28,8,5219.76,1
referral,92,21,5,75652.49,1
cold_outreach,102,27,2,10126.75,1
cold_outreach,170,8,2,101631.98,0
cold_outreach,148,26,3,16797.16,1
organic,108,15,0,51690.42,0
organic,73,5,6,6176.84,1
paid_ads,73,9,3,12697.42,1
event,4,24,7,39507.14,1
cold_outreach,99,23,0,26276.96,0
cold_outreach,46,21,3,16159.95,1
organic,159,6,3,5290.59,1
event,139,19,0,6591.86,1
event,164,28,8,35559.43,1
paid_ads,179,1,5,46615.32,1
referral,72,9,8,3749.13,1
cold_outreach,77,2,8,3081.32,1
cold_outreach,109,3,0,2501.45,0
event,78,29,8,23827.86,1
organic,50,7,0,2420.39,0
paid_ads,127,5,8,23456.07,1
cold_outreach,81,2,6,16471.67,1
referral,169,29,8,3989.34,1
event,40,14,4,61884.01,1
organic,80,23,1,1210.83,1
organic,96,7,1,70079.98,0
cold_outreach,163,19,1,12265.57,0
organic,104,26,8,547.02,1
paid_ads,13,20,5,64179.78,1
referral,61,15,2,28677.73,1
cold_outreach,159,6,1,4643.97,0
organic,49,7,0,2311.99,1
referral,61,17,2,1053.86,1
event,28,13,7,187227.55,0
referral,129,1,8,2439.63,1
paid_ads,25,5,6,1567.65,1
event,66,12,9,11479.23,1
cold_outreach,128,5,3,963.66,0
cold_outreach,161,16,3,2261.96,1
event,40,9,6,29538.8,1
cold_outreach,60,8,1,14816.16,0
event,22,3,9,4903.57,1
paid_ads,79,15,7,8298.24,1
event,179,5,0,4558.68,0
cold_outreach,55,18,1,7475.62,1
referral,47,28,6,3009.85,1
paid_ads,72,27,7,3811.16,1
referral,161,20,2,3663.3,0
referral,98,24,7,3153.86,1
referral,110,27,4,31479.26,1
paid_ads,140,20,6,22051.87,1
referral,128,7,4,2411.32,0
cold_outreach,108,15,4,1715.21,1
referral,101,25,3,6604.72,1
paid_ads,96,20,1,133502.29,1
organic,33,10,1,2130.23,0
referral,75,5,1,6570.91,0
referral,152,4,8,9093.69,1
event,8,11,4,7035.79,1
paid_ads,149,24,3,4466.35,1
organic,102,16,8,36373.8,0
referral,63,1,8,14629.51,1
cold_outreach,21,27,2,24331.98,1
organic,137,12,3,17434.28,1
organic,1,11,4,25903.49,1
referral,98,24,8,63559.23,1
referral,30,11,6,45723.02,1
paid_ads,163,18,5,166415.87,1
organic,33,27,2,39440.31,1
cold_outreach,144,15,3,3393.85,0
referral,103,18,0,24379.69,0
cold_outreach,8,10,7,20405.62,1
paid_ads,129,26,9,98359.4,1
referral,158,2,7,2304.67,0
paid_ads,40,8,3,16736.32,1
organic,174,29,4,3342.95,1
cold_outreach,143,14,9,15777.0,1
referral,133,5,4,6129.26,1
referral,61,12,8,15112.98,1
organic,22,7,5,1295.38,1
referral,77,15,4,22724.4,1
referral,145,7,5,10592.24,1
referral,106,11,2,9875.88,1
event,116,27,4,102262.34,1
referral,140,2,3,4928.41,1
organic,61,22,7,12644.09,1
paid_ads,7,2,6,9231.27,0
referral,159,13,3,10482.38,1
paid_ads,110,20,8,145560.21,1
cold_outreach,102,28,4,8803.89,1
organic,103,7,9,3875.91,1
paid_ads,153,1,6,92242.26,1
organic,138,22,8,5431.68,1
organic,120,26,9,1005.53,1
organic,140,16,3,3093.02,1
organic,52,1,2,1602.69,0
referral,128,15,8,780.59,1
event,175,11,2,5054.73,1
event,43,13,7,7396.18,1
organic,103,1,1,37597.25,1
event,122,9,8,18365.37,1
cold_outreach,93,29,6,17309.05,1
paid_ads,174,1,5,2537.23,0
cold_outreach,73,27,4,25601.68,1
paid_ads,39,15,6,49444.33,1
referral,25,17,3,13533.75,1
paid_ads,153,28,3,14034.49,1
cold_outreach,123,6,2,1565.41,1
cold_outreach,104,29,1,31912.93,1
organic,78,8,8,82049.64,1
event,74,10,7,12330.59,1
referral,168,13,4,3741.85,1
event,122,18,8,6564.34,1
referral,173,9,6,4691.24,1
organic,144,23,5,5071.62,1
event,138,0,1,18814.4,0
paid_ads,100,19,5,11652.82,0
referral,44,19,1,29885.17,1
organic,117,16,6,13123.68,1
organic,129,18,0,2635.12,0
organic,94,22,5,4226.38,1
event,4,27,3,3898.34,1
organic,172,6,1,6358.76,0
organic,148,14,4,83543.92,0
event,64,16,2,102885.24,1
event,89,10,2,24042.58,1
referral,23,29,8,9455.89,1
cold_outreach,168,15,3,1380.02,0
paid_ads,42,17,4,10786.07,1
paid_ads,68,5,0,2901.52,1
referral,77,12,3,67486.2,1
cold_outreach,48,18,3,1004.32,1
event,114,12,7,13357.45,1
cold_outreach,179,23,1,2600.58,0
event,154,4,9,8003.47,1
organic,95,4,1,19261.98,0
cold_outreach,24,10,6,30594.0,1
event,155,9,0,7488.34,0
paid_ads,46,24,8,21798.17,1
event,164,26,6,3424.77,1
referral,71,14,8,11150.06,1
event,93,15,9,29818.06,1
event,79,8,8,12478.09,1
cold_outreach,82,15,6,4071.85,1
cold_outreach,30,21,8,5637.78,1
paid_ads,99,21,0,30343.96,0
referral,73,29,6,1959.81,1
paid_ads,152,17,9,2374.14,1
event,86,10,3,17713.2,1
organic,173,2,9,4578.44,1
referral,54,20,5,1225.4,1
paid_ads,59,24,4,46913.66,1
referral,7,16,3,1940.15,1
cold_outreach,133,27,1,6252.53,0
referral,14,9,8,3621.43,1
cold_outreach,52,1,7,5502.8,0
organic,163,18,4,2565.72,1
referral,110,3,9,20507.85,1
cold_outreach,101,2,1,9358.78,0
paid_ads,145,21,7,29107.46,1
cold_outreach,139,13,4,3670.49,0
cold_outreach,159,18,6,129693.38,1
referral,120,22,0,681.27,1
paid_ads,81,11,6,1032.07,1
event,24,18,6,79142.9,1
event,67,16,9,15006.73,1
organic,127,17,3,12629.64,0
cold_outreach,46,21,0,14195.18,0
paid_ads,121,11,0,17027.24,0
organic,24,15,1,11964.49,1
cold_outreach,11,17,2,2308.43,1
organic,66,4,8,23473.99,1
referral,42,6,1,19127.49,1
cold_outreach,157,2,1,51894.11,0
event,68,5,0,80299.08,0
paid_ads,75,13,3,12451.78,1
event,73,28,6,1642.85,1
event,57,27,2,81168.28,1
paid_ads,165,22,4,2156.85,1
organic,133,16,2,12573.58,1
cold_outreach,29,6,8,5803.67,1
organic,39,10,0,4629.42,1
event,15,22,2,21885.73,1
referral,46,27,5,11134.43,1
cold_outreach,118,28,8,15791.29,0
cold_outreach,168,11,4,2806.26,1
paid_ads,87,14,0,6462.05,0
event,15,15,5,2979.78,1
cold_outreach,9,1,2,6255.44,0
event,75,3,3,6943.83,0
organic,48,1,9,89107.2,1
paid_ads,104,22,9,5783.68,1
event,22,6,2,511.18,0
event,42,21,5,49692.98,1
paid_ads,100,11,5,14530.97,0
organic,51,23,9,6834.14,1
referral,66,3,9,4589.93,1
paid_ads,40,9,3,2366.1,1
cold_outreach,10,6,0,100655.85,0
event,62,13,0,8668.04,1
organic,60,16,0,846.34,1
referral,161,5,7,12407.57,1
referral,160,20,7,38871.76,1
event,78,28,8,9930.49,1
organic,52,1,1,2509.73,0
referral,75,2,0,2234.12,0
referral,109,28,1,2458.94,1
organic,70,19,6,58580.4,1
cold_outreach,136,27,0,7382.27,0
paid_ads,173,21,6,913.84,1
paid_ads,73,21,8,13351.37,1
event,21,4,1,9733.68,0
paid_ads,22,15,7,4520.76,1
referral,157,10,5,2150.53,1
referral,75,25,9,2032.33,1
event,59,1,2,33277.07,1
paid_ads,111,0,2,11178.71,0
organic,172,16,0,15096.78,0
cold_outreach,77,29,7,11138.76,1
cold_outreach,57,29,8,12406.74,1
referral,155,17,0,4407.61,0
paid_ads,15,12,4,6200.73,1
paid_ads,152,8,7,36841.69,1
organic,94,29,7,50968.71,1
organic,4,5,9,1654.54,1
cold_outreach,41,3,7,6181.17,1
cold_outreach,122,15,9,24126.62,1
cold_outreach,135,11,9,93592.32,1
referral,36,14,9,82170.16,1
paid_ads,118,27,4,2879.91,1
event,178,8,4,42512.78,1
referral,123,26,4,8744.91,1
cold_outreach,126,6,9,31499.96,1
organic,35,9,2,22578.7,0
organic,115,0,7,1566.89,1
event,127,20,6,16563.66,1
organic,20,25,0,29953.62,1
cold_outreach,56,26,4,7893.53,1
paid_ads,158,5,1,5882.8,0
event,179,23,7,1050.31,1
paid_ads,32,4,4,19706.48,1
cold_outreach,131,18,3,10629.33,1
event,90,21,0,2443.44,1
event,106,4,1,5305.02,0
cold_outreach,92,3,7,9905.59,1
organic,156,2,8,3919.71,1
organic,80,21,2,8131.33,0
paid_ads,106,18,8,833.04,1
cold_outreach,120,3,5,46828.54,1
cold_outreach,99,15,3,8272.42,1
cold_outreach,158,23,4,1940.77,1
organic,43,7,6,500.0,1
organic,170,18,9,30880.35,1
organic,122,8,4,16739.38,1
paid_ads,172,7,3,10656.14,0
cold_outreach,68,11,7,24902.97,1
organic,86,10,5,24814.11,1
event,8,14,3,10433.42,0
referral,166,6,4,5822.71,0
cold_outreach,147,11,5,4711.28,1
cold_outreach,54,18,1,14005.77,0
organic,10,11,0,49818.46,0
event,125,19,6,7088.48,1
event,121,3,1,55238.79,1
event,95,4,5,13162.12,1
organic,29,25,7,13291.74,1
referral,165,13,2,184728.47,0
referral,78,18,3,69458.29,1
paid_ads,130,22,9,71839.66,1
event,154,4,0,2872.97,0
cold_outreach,99,29,7,140061.55,1
cold_outreach,17,12,1,7281.69,1
paid_ads,159,26,9,6028.55,1
event,120,12,4,500.0,1
event,161,12,0,12384.22,0
event,110,18,7,1981.56,1
event,163,5,1,13776.64,0
cold_outreach,156,18,3,1789.99,0
organic,39,29,5,83868.87,1
referral,31,19,7,16598.14,1
cold_outreach,29,2,4,156973.62,1
referral,144,20,8,2143.23,1
organic,44,1,4,60714.21,0
event,81,3,3,777.8,1
paid_ads,142,8,3,10620.04,1
event,77,9,8,3564.9,1
referral,12,0,6,4526.28,1
referral,65,0,1,4140.43,0
referral,17,23,7,2467.27,1
referral,70,13,4,1575.62,0
paid_ads,132,5,3,4558.94,0
referral,94,12,0,9422.32,0
event,121,20,9,36783.43,1
referral,20,22,0,11895.98,1
paid_ads,135,8,9,36919.76,1
event,77,5,0,1186.03,0
paid_ads,52,28,5,4615.34,1
organic,117,18,1,20420.74,0
organic,25,29,4,12659.31,1
paid_ads,90,9,8,2645.12,1
cold_outreach,76,3,5,27290.38,1
event,30,11,5,4061.65,1
organic,171,9,1,2949.61,0
paid_ads,65,21,9,15260.64,1
referral,8,21,3,8168.33,1
paid_ads,80,2,5,4106.04,0
paid_ads,174,17,8,3928.73,1
referral,120,10,6,2016.79,0
organic,114,18,7,4844.15,1
organic,162,11,1,33860.77,0
paid_ads,16,16,4,11135.75,1
referral,99,21,5,28174.49,1
referral,58,8,1,15849.43,0
organic,122,5,3,3655.84,1
organic,153,21,8,949.67,1
organic,14,28,9,2428.65,1
referral,29,13,8,3385.96,1
organic,171,29,9,3062.06,1
referral,89,5,9,29007.97,1
referral,57,24,1,28617.25,1
referral,28,29,8,143694.32,1
organic,64,8,6,3002.39,1
organic,1,4,8,64646.08,1
event,40,19,6,64128.71,1
cold_outreach,33,26,1,5991.26,1
organic,16,2,5,14997.25,1
referral,174,19,7,40658.09,1
referral,142,26,1,7505.55,1
event,169,0,5,6786.5,0
event,44,15,6,3584.81,1
cold_outreach,52,2,4,500.0,0
organic,51,5,7,8880.5,1
paid_ads,100,14,1,3220.11,1
paid_ads,33,9,3,2002.29,0
cold_outreach,43,2,9,14028.54,1
event,175,24,5,1228.19,1
referral,64,6,1,23107.3,0
paid_ads,140,26,1,15194.35,0
referral,41,5,5,4816.24,1
referral,167,15,9,7462.88,1
referral,125,21,0,1724.53,1
cold_outreach,155,14,1,21492.09,0
paid_ads,93,12,3,10337.92,1
cold_outreach,163,22,2,11389.02,1
cold_outreach,65,0,1,15559.98,0
referral,86,24,2,3515.23,1
event,12,20,6,1124.65,1
organic,31,22,8,28127.81,1
event,139,12,3,19837.59,1
organic,59,11,7,4040.14,1
referral,19,17,8,13791.99,1
event,53,19,0,41579.62,1
cold_outreach,64,27,8,35607.48,1
referral,129,25,1,3889.65,1
event,17,1,6,1169.83,1
organic,5,4,7,1462.09,0
cold_outreach,130,28,8,5403.25,1
paid_ads,26,11,4,54231.23,1
referral,76,17,6,3143.28,1
event,123,1,0,3732.28,0
cold_outreach,93,3,4,3633.73,0
organic,23,12,9,4059.24,1
organic,130,21,1,7985.68,0
organic,9,23,1,1534.46,1
paid_ads,42,26,7,33178.85,1
paid_ads,20,5,5,6712.54,1
cold_outreach,92,6,4,203388.85,1
cold_outreach,124,16,2,1762.27,1
organic,117,16,1,64012.01,0
paid_ads,25,1,7,49451.57,1
cold_outreach,62,13,3,4744.83,1
event,27,26,7,4848.48,1
referral,62,4,4,2446.25,1
organic,42,24,3,2483.02,1
organic,133,13,2,8096.7,0
referral,135,15,6,8324.05,1
paid_ads,147,19,2,1009.23,1
referral,36,21,9,159780.6,1
organic,3,19,4,5782.71,1
referral,7,3,8,8824.58,1
referral,151,8,4,3589.94,1
paid_ads,163,25,4,5726.66,1
organic,38,1,4,5088.6,0
cold_outreach,157,21,4,8072.27,1
paid_ads,95,15,4,7950.84,1
referral,34,3,8,23070.87,1
event,57,3,7,10887.67,1
cold_outreach,48,29,0,20243.07,0
